<?xml version="1.0"?>
<!DOCTYPE CodeBlocks_lexer_properties>
<CodeBlocks_lexer_properties>
		<Lexer name="Windows resource"
				index="3"
				filemasks="*.rc">
				<Style name="Default"
						index="0"
						fg="0,0,0"
						bg="255,255,255"
						bold="0"
						italics="0"
						underlined="0"/>
				<Style name="Comment"
						index="1,2,3,15,17,18"
						fg="160,160,160"/>
				<Style name="Number"
						index="4"
						fg="240,0,240"/>
				<Style name="Keyword"
						index="5,16"
						fg="0,0,160"
						bold="1"/>
				<Style name="String"
						index="6,12"
						fg="0,0,255"/>
				<Style name="Character"
						index="7"
						fg="224,160,0"/>
				<Style name="UUID"
						index="8"
						fg="0,0,0"/>
				<Style name="Preprocessor"
						index="9"
						fg="0,160,0"/>
				<Style name="Operator"
						index="10"
						fg="255,0,0"/>
				<Style name="Compiler error line"
						index="-4"
						bg="255,128,0"/>
				<Keywords>
                        <Set index="0"
                            value="ACCELERATORS ALT AUTO3STATE AUTOCHECKBOX AUTORADIOBUTTON
                                   BEGIN BITMAP BLOCK BUTTON CAPTION CHARACTERISTICS CHECKBOX CLASS
                                   COMBOBOX CONTROL CTEXT CURSOR DEFPUSHBUTTON DIALOG DIALOGEX
                                   DISCARDABLE EDITTEXT END EXSTYLE FONT GROUPBOX ICON LANGUAGE
                                   LISTBOX LTEXT MENU MENUEX MENUITEM MESSAGETABLE POPUP PUSHBUTTON
                                   RADIOBUTTON RCDATA RTEXT SCROLLBAR SEPARATOR SHIFT STATE3
                                   STRINGTABLE STYLE TEXTINCLUDE VALUE VERSION VERSIONINFO VIRTKEY WAVE"/>
				</Keywords>
				<SampleCode value="lexer_rc.sample"
						error_line="9"/>
                <LanguageAttributes
                    LineComment="//"
                    StreamCommentStart="/*"
                    StreamCommentEnd="*/"
                    BoxCommentStart="/* "
                    BoxCommentMid=" * "
                    BoxCommentEnd=" */"
                    LexerCommentStyles="1,2,3,15,17,18,23,65,66,67,79,81,82,87"
                    LexerCharacterStyles="7,71"
                    LexerStringStyles="6,12,70,76"
                    LexerPreprocessorStyles="9,73"/>
		</Lexer>
</CodeBlocks_lexer_properties>
